{"training_acc": 0.12142857142857143, "_timestamp": 1715658247.0191774, "_runtime": 8.890843391418457, "_step": 69, "training_loss": 1.9490972757339478, "epoch": 13, "val_acc": 0.20800000000000002, "val_loss": 1.934519648551941, "_wandb": {"runtime": 8}}