{"epoch": 1012, "_timestamp": 1715656528.542633, "_runtime": 11.349398136138916, "_step": 3038, "training_loss": 1.9465487003326416, "training_acc": 0.14285714285714285, "_wandb": {"runtime": 11}}