{"epoch": 799, "_timestamp": 1715656701.289758, "_runtime": 9.862990856170654, "_step": 2399, "training_loss": 1.9459123611450195, "training_acc": 0.14285714285714285, "_wandb": {"runtime": 9}}