{"epoch": 1048, "_timestamp": 1715657886.171079, "_runtime": 13.493518829345703, "_step": 5244, "training_loss": 1.9459102153778076, "training_acc": 0.14285714285714285, "val_loss": 1.94591224193573, "val_acc": 0.114, "_wandb": {"runtime": 13}}