{"training_acc": 0.662, "_timestamp": 1715657358.98637, "_runtime": 10.811021089553833, "_step": 999, "training_loss": 1.4672646522521973, "epoch": 199, "_wandb": {"runtime": 10}}