{"training_acc": 0.726, "_timestamp": 1715657424.904022, "_runtime": 10.64268708229065, "_step": 884, "training_loss": 0.8780075907707214, "epoch": 176, "_wandb": {"runtime": 10}}