{"training_acc": 0.778, "_timestamp": 1715657321.3931568, "_runtime": 8.845799684524536, "_step": 169, "training_loss": 0.8407363295555115, "epoch": 33, "_wandb": {"runtime": 8}}