{"epoch": 1444, "_timestamp": 1715656847.0402036, "_runtime": 14.090617656707764, "_step": 4334, "training_loss": 0.6688775420188904, "training_acc": 0.8142857142857143, "_wandb": {"runtime": 13}}