{"epoch": 799, "_timestamp": 1715656213.8294342, "_runtime": 16.662092208862305, "_step": 2399, "training_loss": 1.9419487714767456, "training_acc": 0.18571428571428572, "_wandb": {"runtime": 16}}