{"training_acc": 0.762, "_timestamp": 1715657265.3585718, "_runtime": 8.933212757110596, "_step": 174, "training_loss": 0.7840172052383423, "epoch": 34, "_wandb": {"runtime": 8}}