{"epoch": 799, "_timestamp": 1715648149.641154, "_runtime": 11.29598593711853, "_step": 2399, "training_loss": 1.9408597946166992, "training_acc": 0.2, "_wandb": {"runtime": 11}}