{"epoch": 799, "_timestamp": 1715656975.540819, "_runtime": 14.490933895111084, "_step": 2399, "training_loss": 1.903848648071289, "training_acc": 0.5571428571428572, "_wandb": {"runtime": 14}}