{"epoch": 1199, "_timestamp": 1715656443.3959713, "_runtime": 12.43923830986023, "_step": 3599, "training_loss": 1.8588132858276367, "training_acc": 0.7285714285714285, "_wandb": {"runtime": 12}}