{"epoch": 1011, "_timestamp": 1715656639.9405015, "_runtime": 11.287859439849854, "_step": 3035, "training_loss": 1.9459136724472046, "training_acc": 0.14285714285714285, "_wandb": {"runtime": 11}}