{"epoch": 799, "_timestamp": 1715656603.3507202, "_runtime": 9.809531211853027, "_step": 2399, "training_loss": 1.9461508989334106, "training_acc": 0.14285714285714285, "_wandb": {"runtime": 9}}