{"training_acc": 0.186, "_timestamp": 1715657531.026289, "_runtime": 4.454000949859619, "_step": 84, "training_loss": 1.9355586767196655, "epoch": 16, "_wandb": {"runtime": 4}}