{"epoch": 1199, "_timestamp": 1715656264.8560417, "_runtime": 16.971065759658813, "_step": 3599, "training_loss": 1.943666696548462, "training_acc": 0.15, "_wandb": {"runtime": 16}}