{"training_acc": 0.95, "_timestamp": 1715658125.0589561, "_runtime": 10.225497245788574, "_step": 594, "training_loss": 0.4639102816581726, "epoch": 118, "val_acc": 0.734, "val_loss": 0.9794985055923462, "_wandb": {"runtime": 9}}