{"training_acc": 0.23, "_timestamp": 1715657281.745168, "_runtime": 8.62583303451538, "_step": 54, "training_loss": 2.6407859325408936, "epoch": 10, "_wandb": {"runtime": 8}}