{"epoch": 799, "_timestamp": 1715656806.594676, "_runtime": 9.82672905921936, "_step": 2399, "training_loss": 1.8931784629821777, "training_acc": 0.6428571428571429, "_wandb": {"runtime": 9}}