{"epoch": 1999, "_timestamp": 1715656896.1350443, "_runtime": 18.094768285751343, "_step": 5999, "training_loss": 1.9450472593307495, "training_acc": 0.16428571428571428, "_wandb": {"runtime": 18}}