{"training_acc": 0.784, "_timestamp": 1715657125.0451765, "_runtime": 13.391828536987305, "_step": 614, "training_loss": 0.9888604283332825, "epoch": 122, "_wandb": {"runtime": 40}}