{"epoch": 799, "_timestamp": 1715656587.2400868, "_runtime": 9.717670679092407, "_step": 2399, "training_loss": 1.9459106922149658, "training_acc": 0.14285714285714285, "_wandb": {"runtime": 9}}