{"training_acc": 0.7142857142857143, "_timestamp": 1715658222.2906094, "_runtime": 9.918280363082886, "_step": 499, "training_loss": 1.6345055103302002, "epoch": 99, "val_acc": 0.5740000000000001, "val_loss": 1.7366268634796143, "_wandb": {"runtime": 9}}