{"epoch": 1999, "_timestamp": 1715657136.0102549, "_runtime": 27.39120388031006, "_step": 5999, "training_loss": 1.7210286855697632, "training_acc": 0.6714285714285714, "_wandb": {"runtime": 27}}