{"epoch": 1199, "_timestamp": 1715648235.8575375, "_runtime": 14.62449860572815, "_step": 3599, "training_loss": 1.9384326934814453, "training_acc": 0.2642857142857143, "_wandb": {"runtime": 14}}