{"epoch": 165, "_timestamp": 1715656132.0906749, "_runtime": 11.521906852722168, "_step": 495, "training_loss": 1.9459104537963867, "training_acc": 0.14285714285714285}