{"epoch": 799, "_timestamp": 1715656720.4219718, "_runtime": 9.89141583442688, "_step": 2399, "training_loss": 3.7886574268341064, "training_acc": 0.1357142857142857, "_wandb": {"runtime": 9}}