{"epoch": 1009, "_timestamp": 1715657952.1307611, "_runtime": 13.369104146957397, "_step": 5049, "training_loss": 1.9462720155715942, "training_acc": 0.14285714285714285, "val_loss": 1.9437543153762817, "val_acc": 0.156, "_wandb": {"runtime": 13}}