{"training_acc": 0.312, "_timestamp": 1715657464.6074193, "_runtime": 4.456878185272217, "_step": 54, "training_loss": 2.3934571743011475, "epoch": 10, "_wandb": {"runtime": 4}}