{"epoch": 799, "_timestamp": 1715657035.6668894, "_runtime": 13.823545455932617, "_step": 2399, "training_loss": 1.9459130764007568, "training_acc": 0.14285714285714285, "_wandb": {"runtime": 13}}