{"epoch": 1036, "_timestamp": 1715655754.559287, "_runtime": 11.90246295928955, "_step": 3110, "training_loss": 1.9459112882614136, "training_acc": 0.14285714285714285, "_wandb": {"runtime": 11}}