{"epoch": 1199, "_timestamp": 1715647935.5127125, "_runtime": 14.971801519393921, "_step": 3599, "training_loss": 0.3733273446559906, "training_acc": 0.8857142857142857, "_wandb": {"runtime": 14}}