{"training_acc": 0.756, "_timestamp": 1715657079.3002114, "_runtime": 13.522130489349365, "_step": 749, "training_loss": 0.9449295997619629, "epoch": 149, "_wandb": {"runtime": 38}}