{"training_acc": 0.656, "_timestamp": 1715657495.0400345, "_runtime": 4.4534876346588135, "_step": 69, "training_loss": 2.1644861698150635, "epoch": 13, "_wandb": {"runtime": 4}}