{"epoch": 1009, "_timestamp": 1715657192.8030457, "_runtime": 12.99181580543518, "_step": 3029, "training_loss": 1.9445874691009521, "training_acc": 0.14285714285714285, "_wandb": {"runtime": 12}}