{"epoch": 1108, "_timestamp": 1715656999.6534789, "_runtime": 17.988783836364746, "_step": 3326, "training_loss": 0.21851252019405365, "training_acc": 0.9142857142857143, "_wandb": {"runtime": 17}}