{"epoch": 1003, "_timestamp": 1715656338.4425766, "_runtime": 14.493253707885742, "_step": 3011, "training_loss": 1.9459102153778076, "training_acc": 0.14285714285714285, "_wandb": {"runtime": 14}}