{"training_acc": 0.17400000000000002, "_timestamp": 1715657443.7500849, "_runtime": 8.747745990753174, "_step": 114, "training_loss": 1.941590428352356, "epoch": 22, "_wandb": {"runtime": 8}}