{"training_acc": 0.628, "_timestamp": 1715657510.9587066, "_runtime": 5.407779693603516, "_step": 499, "training_loss": 1.7182306051254272, "epoch": 99, "_wandb": {"runtime": 4}}