{"epoch": 1199, "_timestamp": 1715656423.6237388, "_runtime": 12.694944858551025, "_step": 3599, "training_loss": 1.938253402709961, "training_acc": 0.2714285714285714, "_wandb": {"runtime": 12}}