{"epoch": 1199, "_timestamp": 1715648194.0053644, "_runtime": 14.692854404449463, "_step": 3599, "training_loss": 1.8600419759750366, "training_acc": 0.5, "_wandb": {"runtime": 14}}