{"training_acc": 0.372, "_timestamp": 1715657479.859503, "_runtime": 4.406016111373901, "_step": 54, "training_loss": 4.5080671310424805, "epoch": 10, "_wandb": {"runtime": 4}}