{"training_acc": 0.712, "_timestamp": 1715657249.3711905, "_runtime": 13.663854598999023, "_step": 499, "training_loss": 1.1139134168624878, "epoch": 99, "_wandb": {"runtime": 13}}