{"training_acc": 0.9714285714285714, "_timestamp": 1715658040.9771242, "_runtime": 18.86780309677124, "_step": 819, "training_loss": 0.36867865920066833, "epoch": 163, "val_acc": 0.756, "val_loss": 0.8551572561264038, "_wandb": {"runtime": 18}}