{"epoch": 1117, "_timestamp": 1715655837.8995185, "_runtime": 13.644620418548584, "_step": 3353, "training_loss": 1.945928692817688, "training_acc": 0.14285714285714285, "_wandb": {"runtime": 13}}