{"training_acc": 0.6920000000000001, "_timestamp": 1715657302.6812284, "_runtime": 9.825881481170654, "_step": 499, "training_loss": 1.1734694242477417, "epoch": 99, "_wandb": {"runtime": 9}}