{"training_acc": 0.78, "_timestamp": 1715657378.2904277, "_runtime": 9.416967630386353, "_step": 419, "training_loss": 0.8298433423042297, "epoch": 83, "_wandb": {"runtime": 8}}