{"epoch": 799, "_timestamp": 1715656684.5262678, "_runtime": 10.050996780395508, "_step": 2399, "training_loss": 1.9459104537963867, "training_acc": 0.14285714285714285, "_wandb": {"runtime": 9}}