{"epoch": 799, "_timestamp": 1715657015.5364585, "_runtime": 9.793063402175903, "_step": 2399, "training_loss": 1.9459102153778076, "training_acc": 0.14285714285714285, "_wandb": {"runtime": 9}}