{"epoch": 955, "_timestamp": 1715648025.6007261, "_runtime": 13.753856182098389, "_step": 2867, "training_loss": 0.3941711485385895, "training_acc": 0.8928571428571429}