{"epoch": 1199, "_timestamp": 1715648214.2177348, "_runtime": 14.973660707473755, "_step": 3599, "training_loss": 0.45935019850730896, "training_acc": 0.8214285714285714, "_wandb": {"runtime": 14}}