{"epoch": 1999, "_timestamp": 1715657074.664472, "_runtime": 28.08336114883423, "_step": 5999, "training_loss": 1.703511357307434, "training_acc": 0.6642857142857143, "_wandb": {"runtime": 27}}