{"training_acc": 0.756, "_timestamp": 1715657403.7142487, "_runtime": 9.159912586212158, "_step": 299, "training_loss": 0.9631232619285583, "epoch": 59, "_wandb": {"runtime": 8}}