{"epoch": 1006, "_timestamp": 1715655683.0020716, "_runtime": 11.43447470664978, "_step": 3020, "training_loss": 1.9459283351898193, "training_acc": 0.14285714285714285, "_wandb": {"runtime": 11}}