{"epoch": 1016, "_timestamp": 1715655659.2551396, "_runtime": 12.694060564041138, "_step": 3050, "training_loss": 1.9459123611450195, "training_acc": 0.14285714285714285, "_wandb": {"runtime": 12}}