{"epoch": 1097, "_timestamp": 1715656954.8431058, "_runtime": 18.950227737426758, "_step": 3293, "training_loss": 0.21975986659526825, "training_acc": 0.8928571428571429, "_wandb": {"runtime": 18}}