{"epoch": 799, "_timestamp": 1715656510.8856423, "_runtime": 14.308223247528076, "_step": 2399, "training_loss": 1.8900330066680908, "training_acc": 0.6857142857142857, "_wandb": {"runtime": 13}}