{"epoch": 799, "_timestamp": 1715655772.993093, "_runtime": 9.977956056594849, "_step": 2399, "training_loss": 1.9462169408798218, "training_acc": 0.14285714285714285, "_wandb": {"runtime": 9}}