{"epoch": 1103, "_timestamp": 1715657906.9393973, "_runtime": 14.22947645187378, "_step": 5519, "training_loss": 0.49228721857070923, "training_acc": 0.8285714285714286, "val_loss": 0.7327526211738586, "val_acc": 0.796, "_wandb": {"runtime": 13}}