{"epoch": 799, "_timestamp": 1715656619.3434317, "_runtime": 9.737435817718506, "_step": 2399, "training_loss": 0.7887789011001587, "training_acc": 0.7714285714285715, "_wandb": {"runtime": 9}}