{"training_acc": 0.138, "_timestamp": 1715657337.850263, "_runtime": 8.54294204711914, "_step": 54, "training_loss": 1.9427827596664429, "epoch": 10, "_wandb": {"runtime": 8}}