{"epoch": 1999, "_timestamp": 1715656489.299956, "_runtime": 17.80936598777771, "_step": 5999, "training_loss": 1.948766827583313, "training_acc": 0.09285714285714286, "_wandb": {"runtime": 17}}