{"epoch": 1199, "_timestamp": 1715656549.7449296, "_runtime": 12.500245571136475, "_step": 3599, "training_loss": 1.857237696647644, "training_acc": 0.5928571428571429, "_wandb": {"runtime": 12}}