{"epoch": 799, "_timestamp": 1715656404.5770917, "_runtime": 9.690769672393799, "_step": 2399, "training_loss": 1.8899261951446533, "training_acc": 0.5928571428571429, "_wandb": {"runtime": 9}}