{"epoch": 1055, "_timestamp": 1715657162.2729354, "_runtime": 16.795573472976685, "_step": 3167, "training_loss": 1.9459189176559448, "training_acc": 0.14285714285714285, "_wandb": {"runtime": 16}}